SK_LOCALIDADE;NK_ID_LOCALIDADE;NM_CIDADE_LOCALIDADE;NM_ESTADO_LOCALIDADE;NM_DIVISAO_LOCALIDADE;NM_REGIAO_LOCALIDADE
31ddf3e5c3c0a4edfe522e764cab4112221d97b0c5c23c15fc6928274c8ad1cf;10002220;Prince George;BC;International;Canada
c9c1b90a519ef8223e3693ff4bc4239fbd7e786c6157a863a10fa9ee6f87354f;10018146;Fort Macleod;AB;International;Canada
3eb868eeb056b1b45e9120ba9dd503593c8d791562cb4207c51ab0db8dd1daff;10025288;Furstentum;Nao informado;International;International
7c7f347f57488a13adeb3e3706332f0992fa6a92e448395f8c07cb81f65b821e;10017307;Anjou;QU;International;Canada
e5ebc1d16317b83a9d358d3ea74c27c7e92a00dd8ba092710b65da2e45988923;10021222;Buffdale;UT;Domestic;Western
4ee072700071bdeacdfe90449047eb724375d4e9a20368b069b127e6c7614db5;10018623;Laurel;MS;Domestic;Southern
84671280131c7366daa46f6b77f603da133ba5d0230a6f68182f3a04826e2d70;10009863;Beijing 100088;Nao informado;International;International
98f79ececfcf2911dac82404cae708e161a300c61ef59ab3959e75bf14d15305;10000461;Boucherville;QU;International;Canada
06d51f65271fc7f84e49abb11beae993d33df9ff6eee5a9af4cf844ef061152d;10025299;Montreal;QU;International;Canada
163481f09afec28a154d67966ae67ee710f14f7470568971e605a57c586bdd7a;10000601;Creedmoor;NC;Domestic;Southern
dccfb5405e81961656815c164af482b23ef26043500d81da5475af8661809134;10023778;Hillsboro;OR;Domestic;Western
3c0db9c4757ccac8a8e710ad2032ea83a3929a5a9effbc79ff3e5960290b03ca;10022678;Richmond;VA;Domestic;Northeast
844dc1c2dc40a1f29271a056293470fa45e737dc91af27bec5dd80e47604f29b;10009657;Lewiston;ME;Domestic;Northeast
369a57032fc4ff2ab29adfc5b1814552a8d03c9f7e239c8632bcccb3b2167f08;10018877;Beirut;Nao informado;International;International
7841abbd00542ce0804d772328a0eb86ca0cf8c73874a99ca8d7ca652345d556;10025284;Hayward;CA;Domestic;Western
b22f5566d6ce5e3e3b3124a47c1a3c8336d9489e0ef583bd2e81bb1914392e83;10022755;Johannesburg;Nao informado;International;International
710074ccfc541e7cbb5c8549330b88e775283dcb7c2d809b5f693920766e383f;10026055;Eau Claire;WI;Domestic;Central
2b98b8ce7599cebed2ec39ca08e280477338c2686cfac95718c37abacd7d41a8;10019942;New Castle;IN;Domestic;Central
9c8827064d4584f6c6be45e5e0a97284b95979840785868b9df3499304e3ce95;10020914;Calhoun;LA;Domestic;Southern
b09da447c0de845f4751cc74bd5cbb5d19a4aa5fb613880f598ca1bb2e167dfd;10021231;Middlebury;IN;Domestic;Central
fa432aa83f70b4014f9991265d51ce49576a648aeaa3a7ebfd5d369cfabcbd85;10014739;Tulsa;OK;Domestic;Southern
0624dd22d658dd7e63816ae78665aee984347c46defe3690bdbca3414cad5adc;10023513;Stockton;CA;Domestic;Western
94b50963e4794a27e7f1b3c180e0d22de7f5cb8f508a74504c7fcd4d08b33409;10024016;Kanagawa;Nao informado;International;International
b7f81ff2f81f85b5d3daddb1177ab17cb8c2d4d66437bef51120e9ae8ca89716;10017585;Milwaukie;WI;Domestic;Central
ddb5f637572ff18b41cbc1b96c0b336c119b20e593f003d9e1b09b1965771f0c;10012425;Oslo;MN;Domestic;Central
e2927aeb62623f9a3b12b395bd40dad0f9fd9371a9f3218408feaafaedd4809a;10026348;Mebane;NC;Domestic;Southern
2e368f27c048e170622e2d31738e4be0f99c1c7bab137b432288f6e3c4763a34;10021223;Wayne;MI;Domestic;Central
24037968819454f62e612f9fa8cfc0bb7ca25abca8432d65f58d61be2562de8b;10009639;Industriestrasse 17;Nao informado;International;International
cc908beb491fbe90fa4f8ae5937c55cc55f3064c4337905f495b0628fb2827f4;10000473;Rancho Cordova;CA;Domestic;Western
ff519af5b011075e710c9024cbf52fdc262bcc012567c05dd32d01780c66d175;10009633;Nao informado;Nao informado;International;International
b56e51e5a3aa2a8a03bf5df5dc1a5e686eddbc56e76d7cb81dd642112f791dbf;10007566;St Joseph;MO;Domestic;Central
b90fafbc9799b2dc204289eb9708148bee25a1b0026f2ae8e703d14c0e4e662d;10016564;Traverse City;MI;Domestic;Central
c49ec21764f899ce7129ad6d7c45d03b35f063e7a447d96c5ebe1485b42bbae0;10017036;Eagan;MN;Domestic;Central
f2b9d208fdbb173536173a54408faae6bc8c588df83b4b793bf94aa867dd3963;10019682;Lennox;SD;Domestic;Central
28c0df95d7416cf1054c273775c6238e3246807e7757e3a02ce2ed9016f1bc8b;10019880;Somerset;NJ;Domestic;Northeast
8953923dee1b8b8a742237f02cb5a784b33eb4cb22640413e642a914a2460dd7;10007577;Stewartsville;NJ;Domestic;Northeast
23ae5d85a9ab1716b0857966bfb74bc18fac1cac95c1323a940e59dfe2339ced;10019388;Ft Collins;CO;Domestic;Western
6a800e3381c5e85497bc66e3d24ae0cf02650a734e4cf31c8669125976809d5f;10025919;Compton;CA;Domestic;Western
6bbd15c9e9c4221ec1d6adda69fcb299538f955e16619551c93a747a6d8d88ee;10017054;Newport;MI;Domestic;Central
3753d30a881ed7b74af77309a14948ebfe1851dd582436385895fac7c60d7a16;10025249;Memphis;TN;Domestic;Southern
6b4abb3a672e34de863086ae3531ade2ff65c0f2b1a1196fe948c3fc8c121ca3;10025023;Saskatoon;SK;International;Canada
8ef5a02bbaf3b17094c07aaa5832b9f77acddcd462390bb6e57398cfffa919dc;10009647;Sacramento;CA;Domestic;Western
e9f77342eb65fee18754f49c6b2e0a967f174d916e5add6124abd253e2534437;10025038;Mechanicsburg;PA;Domestic;Northeast
f120fde824ee0f220e5ce80563bed3535dde96d590a5c3b1c1cb5c2ad94e06fc;10013472;Indianapolis;IN;Domestic;Central
2bb31b16131d7379b8ad0dd819195d8ba931c331228cbdb3ed36dfeb26c8c858;10009654;Brownsville;TX;Domestic;Southern
a45c8b0aa1a932971badf751245b60395b09bca5443e8d6cc8507d00f77aab88;10017072;Chicago;IL;Domestic;Central
a94c188b0a723b86467fbc85f24b58488ad9298d9cd4ad983e1e6defbf04b03b;10025291;Dover;OH;Domestic;Central
8484433e2c43f19895cc38bb91f738f4b85328915571513d64e027ec5f57f467;10026062;Houston;TX;Domestic;Southern
9f0ef4de95fad7fb041220ad54c40b116decf30eedd146faaeb451182570023f;10007117;Taipei;Nao informado;International;International
07a5d7d6c7b9f0e13114c728710e0c04d2d6cbd04e77be6e616dc1996aa3fe90;10009656;Trinity Center;CA;Domestic;Western
4767c2adfa7a9200b3685eb545ce7111f4c65ed84238475a2f71359ac84c4b55;10019105;Mechanicsville;VA;Domestic;Northeast
767b11324903810349c6f1cc611d771a1a37a17b7339630d0ca8140c718350a5;10013188;Charlotte;NC;Domestic;Southern
ca8e26f1123143547015069e16f95fc95f2d0523f9d91d2b7098954525d23d2b;10021418;Wheatridge;CO;Domestic;Western
64433d3cbadd3226c60aa8c9e70c121adbbb2e658c35776eba8bfae0441b4009;10023524;Clemson;SC;Domestic;Southern
9c0b5b274bad796694baf03921572f4042e7067af9f39414bd2ec71291cd5427;10018363;Panama Rep De Panama;Nao informado;International;International
c1722c32c3a9dfd925143c44939885fc66bbc34120f11adf1d64f1c064b8bece;10026081;Bremen;Nao informado;International;International
e8f96f2be3ce021b86d4d34fc67ae2aa718bd55c8944516177857ab4cb4a2183;10017314;El Paso;TX;Domestic;Southern
2856e287c61ab99e1fdb7f8b9412f87be4dbfdcc76ed5c4d968e0453db8e8665;10009650;La Paz;Nao informado;International;International
375089488048c5b9b45431cb7fe0509571d7c9747a88c9a3d0da1b5493e28e0f;10023221;Overland Park;KS;Domestic;Central
71a2de7e9e7d25c4d04be92d472cf87a718ce70ed7dbd49c2ca90df97ed76f57;10007121;St Louis Park;MN;Domestic;Central
d3a8dec8d3f02b9abbf6b965e1693fb5df24851fa4f29d4b199a2f9145139751;10019678;Sacramento;CA;Domestic;Western
1bd2c32fd51c99fa0de99f419b59229076240723d44cccab6f9ddeb48dc5ca38;10016542;Greenville;SC;Domestic;Southern
fde7013e9832928c68d0772a92e6888383e18f44feb76bb905888330a3ef2173;10024262;Oakland;CA;Domestic;Western
16ca39f37c8fc252d9210667b331f501d53de1f7bdc3ac8d6d642d866c7372a1;10014471;Calgary;AB;International;Canada
8ab147cfbf3f11c820e6512fb6637722ea91bfe0f3da344adbaa97549c85338e;10019909;Shawano;WI;Domestic;Central
e0c086600666e389c7f1dcdb450d5213c345605f85c5bdf5284af131dc5b03af;10010969;Elkhart;IN;Domestic;Central
f0f6f615e237e68203d81eebcc44bc48d9ceac9e9b7c9213757d64c12e9309b8;10011734;Atlanta;GA;Domestic;Southern
00cdc16f0b9359b7e0cf48bc8e316def0bf144d9c4c49181bc1b8f1bd1e34bb7;10012761;Cali;Nao informado;International;International
b668fa694407af52a3db8fde0ee827026a8a9694ce6e6c775594fb7833864b74;10023538;Fort Worth;TX;Domestic;Southern
d8930fab9580f09084edcf3d1828bfe6b53e34cef7b0beeb9e0f7cd62924da9f;10014546;Phoenix;AZ;Domestic;Western
1855c87b0b8d7d4843232a0a336bd00ee7d1a7b48605585c831d600c3100ff63;10009356;Cape Girardeau;MO;Domestic;Central
5b5f1ec98390ee623a7bdeef4b9c5613476f2f627c3f2bb5a7e5d2e808fa645d;10025061;Canton;OH;Domestic;Central
8d3529f223d47bc6991aa440e0a24d0e0d62a7a5c2cd1e4f4f5e846ee0d84220;10019913;Calgary;AB;International;Canada
95d6136e3ed3e39704dd701d76ad9fa1f672db7d1b28c75a55bf13c5b2d20984;10025243;Longview;TX;Domestic;Southern
6c4bd55090fd15ca79415f2a25ed4874717c84e82080c1825ab8dc38d4201c39;10023003;Coldwater;MI;Domestic;Central
a191bfc1f3900444180a3a4d0a382c86280ef67861aa68f8a68ce09cb48f99dd;10021184;Aurora;OR;Domestic;Western
d53c4d2a310652ec1f4e1338adb2ef63644d946b34fd7e0e78f4d4c530177848;10018867;Flint;MI;Domestic;Central
e8ce875919c5d02ef7d3c066f410d2179739b7cd565cdfa038a30f72795efbfa;10025239;Nao informado;Nao informado;International;International
63693eec8cee54042e0e6b63ec3b721b3a6f78fec46b44a3d35fb0ef3137d871;10006836;Quito;Nao informado;International;International
f2d5e6c375ddf5c841ad12e185945bb3792ba8612b22e84730eb581bd8fd4a66;10010887;Edmonton;AB;International;Canada
006d8091cfcb0f7dfde126245d6442c731832aba1554f53ffb402a052d6e03e3;10024034;Edmonton;AB;International;Canada
e418cdcf0e50afa9b4e73cbf8e2114314ee23ba9bdc66d17733e850fda912915;10024010;Mitchell;SD;Domestic;Central
5d1b2666af4be7cf10fb975aafe9d4bbbc5a5861cda1ae1f11b031f500830039;10021158;Surrey;BC;International;Canada
ba050eb976e677f638f5f29de1af01107a32712345475569161eb04cfe7b65ef;10022456;Rancho Cordova;CA;Domestic;Western
0c404c25211495b07ec713bbbc2364640d405f392051e984eba1a4b6ce4b353e;10016807;Overland Park;KS;Domestic;Central
120ae22852cef7a13b7d2be796c729ea4701209af4497abfc05341b59a1d4835;10023023;Thief River Falls;MN;Domestic;Central
42be5088a385591462b43ad85e5fe538a0c6daa01c5ce2f5eebc3f25ce30c1e2;10018885;Pocatello;ID;Domestic;Western
786265574292b6d0a086f66e0863c4bb9e77a5157ea8e7086842469270fc5c03;10004302;Baton Rouge;LA;Domestic;Southern
3f3b00bf2cc26906eeaf5f393ed7ff59a1d2af37a13b5639b9f1c8c074729a9e;10020413;Okarche;OK;Domestic;Southern
5db583197d33ddb82d34acd914780d073ea58708f8770f94052f79a11c9b63bb;10020193;Nao informado;Nao informado;International;International
df06188c7a74b0ad97487fce775ef52600281886af29e655625b3209062b7a82;10026355;Casper;WY;Domestic;Western
18d62d78aedacc6396adbac544298798d2c3f2e0d02ef47555a4b679604d2a5e;10025264;Tuscon;AZ;Domestic;Western
8bfc723a05a8564694d96e832876e8e5316ec04bc0f96c8557cc813a53b1b353;10006862;Pearl;MS;Domestic;Southern
beb1e75ee8612305264956bb6231f5b082fb91e85c841d786e5c40e7a204217d;10015793;Sacramento;CA;Domestic;Western
585b3df3a3003f9c040fad4ddcd93e8096e37970388247b294689b4d19c6fa9b;10021415;Indianopolis;IN;Domestic;Central
0a856561c4e6ae3140c6fdc0251c44973275aa08fc38800a35ba3bbec3c70774;10025571;Des Moines;IA;Domestic;Central
10cc8b82d51edc3e8418081f8fc5d2481f50b4efca6aecc36cdfd433be9f7571;10024477;Santa Cruz;Nao informado;International;International
e3ab1c18c5801b0eea0fb467e955da90a978c405e2c92b7b7c30e95be6cd7827;10021204;Toronto;ON;International;Canada
36c9d4dd3650e8ab69ce47f5ebe47f6c02f5ff96599bd446c0ded5c48db47388;10019879;Duluth;GA;Domestic;Southern
656f29a5aa0807ef04e6594ed3205ead247acd983e8a521be416b03952554e5a;10008638;Milesburg;PA;Domestic;Northeast
87e62a747058144ee38ab0756b11e9a8ef25ee43c4e59ecf06d2b099e3f22ae8;10024524;New Hampton;IA;Domestic;Central
19443809dca73ceac6591e136d0af1ade4630b576389efe284d15abb9d734f73;10020445;Rapid City;SD;Domestic;Central
9c62a1dda0dc0785133f7c30b40ed954e72fac708f45fefead3625c31a2a993c;10022725;Norcross;GA;Domestic;Southern
16b682964a6c303a43314cdfd4c766c6582ee97bfa1d89ecde43f46c98aefa17;10025771;Waldorf;MD;Domestic;Northeast
5e75f7289e3ce8f7b4b22a65ce54658a93c276df5b3d0e23fd35827ae5851482;10004255;Seoul;Nao informado;International;International
f39e0722a2068c44f135b503bfcbbc93d1363225f41006738ece94c90e46b0a4;10025549;Shady Grove;PA;Domestic;Northeast
1c23bd9b148929ffa7c53c4eb9dc40c3a672503d3bc056cf510658b36d465ef2;10010912;Fort Smith;AR;Domestic;Southern
f61e4fa2ea99a2d3d7113f713cd1e1222ec493f24cee51b95182edd3c8a05aa2;10026606;Dearborn;MI;Domestic;Central
30d16317dde991bfc159a2a2fd9a9a5846d0fb0f3b4a099296342c86e88b10cd;10009631;Corona;CA;Domestic;Western
559db0e981803984c82d24045976720d527489ae624b1cbef0e5535dddd7f404;10006848;Fredericksburg;VA;Domestic;Northeast
79d7963b167702b2dbf5afc4169c2b7e1b59a875e019bec95c2dccfed9c92c1f;10014779;Fairview;NJ;Domestic;Northeast
8c0fab80e0b3c43d0888e2a74f232b02971fc604ea91ef3fd2ce34a0b7852adf;10024009;Tulsa;OK;Domestic;Southern
ca060e554dd610e610056a2f58a4b529cc9d5a5d43d2af517ad2774d02fdafd4;10000478;Little Rock;AR;Domestic;Southern
29734c9730c3fc131a43e1bde353944c19b6aff8114f1b3a43bfacb45c36ced4;10000460;Goodlettsville;TN;Domestic;Southern
b12a5f7493c693ac430d51f6ddc5484fa9c32acc8a7f43c8cc17d1233c60f73b;10019900;Sacramento;CA;Domestic;Western
e16af79b728a651df4d39f6cd5df17a23a280456d381d5dc20a9fec84613f05b;10011979;4100 Porto;Nao informado;International;International
12dd1686dd78adb181a7cd053c633d58ba314a024b23fedb0b15990e9094288a;10025791;Prineville;OR;Domestic;Western
83f68a35b169e754ab44352eff5bf16908b32350159b12db8a7f3d50b6f1640e;10023780;Asuncion;Nao informado;International;International
60ff36e09eff30327223bf54613b7d178ae6edb99d449a2e0c435332fced8c54;10014047;Fresno;CA;Domestic;Western
665c89648c8aa55f740d6cf3f845344c9b192e4f01dbcf09eb35e12930bb7b73;10000458;Saginaw;MI;Domestic;Central
d49cd8d501332306e9a833aecb37f1b01ad0566fec49c942b0adb9c1dd87381f;10014540;1980 Santiago;Nao informado;International;International
de7b8408a71f04b6607fd019c1fde304b1169d3450ac203c8867cddb1d37663c;10024248;Portland;OR;Domestic;Western
bbc985b4b9b40d82c31ce5048ea86e906baafc1ed87cc748bfd4329145ee0047;10026006;Calgary;AB;International;Canada
1b9591d644bc3381eb5428acecda7f85f07a5978ca99968d4500731263458bb1;10025241;Hamamatsu City;Nao informado;International;International
3d5329ecb5d29ee6b00cad60bc0af305b55d38b46452712f86cd4b5a2081c502;10025287;Brookfield;WI;Domestic;Central
7aa2d0d7cc7bc2c8a44f2e40a8f361871667046b850efa0e631a90d2194ed857;10027119;Nao informado;Nao informado;International;International
b25fafdafe7fde48fee46c3b1f8e94a2e7e636264a18f683d73dc407d4bf5b08;10026861;Salt Lake City;UT;Domestic;Western
c75dd32db05765ef6f4f00b17e77993da826570862dee3baf1d5febbc057a883;10008381;Puyallup;WA;Domestic;Western
00b506b83f05d5cd1046428489ce0fe6699321836295ce2e452a71839cb81cf3;10025515;Jackson;MS;Domestic;Southern
398aac12b50ac8c345af040ca0527876278b32e54bc3698edd2bc28868801146;10014810;Canton;OH;Domestic;Central
427cf7611450c41f9acaa3720bc8d2eaeb6f1bbfa33e03fa1f565c8f46cf5537;10023235;Houston;TX;Domestic;Southern
c89717a5fe3dda1c6365d9c26486c88d0e9b583169aff56500291f1557793a87;10025021;Depere;WI;Domestic;Central
81c413ca37e31699e6dab88a1242cf0a60028d6acfa5ce05de09aab4c9c9582b;10022687;Burnaby;BC;International;Canada
a4d2ebead6f76bd8b31e4f426d6297495c1c2c714d7f6c14a697dfcfd48f7dc5;10006093;Evansville;IN;Domestic;Central
200df6031f90c1ab607ec4461f4a8896f0ba83d052c0732f6cb0e1f9a2085208;10015789;Jeddah;Nao informado;International;International
9a1a2698aa36447ee8a97cc5cd8c15d710949f6f94fb1ca6875bcf31bff13bf2;10019897;El Paso;TX;Domestic;Southern
a4ce9cfc652a71982ebc633aaf5e3dcc2472e8927c676dd11f2e9d55259b4ffb;10026291;Poplar Bluff;MO;Domestic;Central
6a51022ca965ffa739423d418d592312e4758309be1861ae893dca753ccf9cbd;10027082;Edmonton;AB;International;Canada
b997834b48398566ca4446ac00581af23d06c1b26208ff22719c9bede03f7591;10002244;Statesville;NC;Domestic;Southern
02dd1d9dbbb37c1a3004df82390ac69ac62c9607dd2b01f1b9ea3d4193d674bc;10000455;Huntington Beach;CA;Domestic;Western
22627c4d124516fc86144b2a4d59efd1aa7d16ebf742ccd4756e70c4bbfd78c5;10025758;Oklahoma City;OK;Domestic;Southern
73bd7b683b638de6259c74a52f79ae03dc084488bbbee18f3886ac35e6288ff4;10000472;Van Nuys;CA;Domestic;Western
9e118c621ed7f4cef43d298aab9c96cdd83acc5dfb9a5006ff30bbc966aa7372;10024022;Irvine;CA;Domestic;Western
cd8d361caeb78c959a7654fbf603e84a5a4ecf96464889ebca9222f0c5417dc3;10019665;Hammond;IN;Domestic;Central
cfb8593c0383ffabecd505388da431026109e6cb3399eaafbe32ff70850f17fb;10005006;Boise;ID;Domestic;Western
f28f530015a4f5fc1bcfbd162a4676003e6914bbb118893d98e577361bcdd35f;10007120;Rexburg;ID;Domestic;Western
f6095241152f8227659ec2321fc863aab387a67866e7e74adc029d6cf442243a;10009672;Phoenix;AZ;Domestic;Western
4a32c3463512fe2e6c79174f2995f46e205e5d428c6f94c7e592ea82e711ab08;10023509;Tampa;FL;Domestic;Southern
2db4a42f9c72a344fe6652718e89d5db510ce6cd12b86f6fe9457f33f9042a27;10007122;Buda;TX;Domestic;Southern
894f43e838e01cabd100ef02d59272fd77426598c3e649f99532062f57aa9ae4;10025495;Birmingham;AL;Domestic;Southern
df2a00c4810e250bdf08534c895eaa3ab7723b9cf2c5dab59ea66a83ec9477b0;10025051;Anchorage;AK;Domestic;Western
360b464f24c6d78472113cbff8d1b1830f3c0cdd877824e9d8b871a1c4ec6247;10020390;Lansing;MI;Domestic;Central
3e89288a36db17a4b10aa4d19eb9c3cce6454b7008693da1c19cb10b0d353323;10022240;Mississauga;ON;International;Canada
8d2644a0124069008dea97430872f5307a164230d493928ddb5e5dc852edf097;10017828;Cypress;CA;Domestic;Western
fd1ab07179bbc1a62031d5cf3ed9b68af26999870c7640f426353840d1a1a133;10027575;Dallas;TX;Domestic;Southern
4599e5917c4121ee022ce75484901c76df0f67b81b6f4d3e6a3a7d92625ed0e7;10023793;Holden;LA;Domestic;Southern
b74420907e70288e6633dbe8834d6570b7576cbade02c825bbe3a99e4fdcf2d9;10016303;Buffalo;NY;Domestic;Northeast
5c1a38fca8f200ee8c364117af2e884eb5a73cac1db9dd70641ed9cffb5d422c;10022750;Watervliet;MI;Domestic;Central
67fc4b46b621703926ea5de79635a1978caf5df81bb13789004e207933647345;10003720;Hermitage;PA;Domestic;Northeast
ec7a61e958125c84b07fe5c385e66a84e39fde157ecfd2bc638f7233a1f0c1a8;10022746;A 5102 Anthering;Nao informado;International;International
70611b2044b8bb1e1da9d0626e6aeeba941c790a2c7b0a7c20c67b8ce7933e3c;10015783;Philadelphia;PA;Domestic;Northeast
84342ee86c3d4862993af19fc60285faa898c0309c5f816f5f96891ca72d4962;10015011;SE-132 28 Saltsjo-Boo;Nao informado;International;International
e00e44bba36ee68793a54011508eb0bdb88c672da3452a5db1ee84a0db39bdea;10020639;Tulsa;OK;Domestic;Southern
4c426f0c8c182cc47f80f7da0427bd1a22cb07a4d3880910589c23abd1394e9a;10024006;Columbiana;OH;Domestic;Central
539d2d924ec5c43bdd9145288b6affdd7c6030b61ef449d48dacdc6859af5112;10018644;Overland Park;KS;Domestic;Central
76a6ab1cb76afac29ed9ba9dc28587bdbfabac91ec367c398aec317415bc0cb4;10002489;Villa Rica;GA;Domestic;Southern
4aa6059c5e1ae5135617d54ea4ac00e2afad8d2383d72ed85159ef7762e7519d;10026521;Quezon City;Nao informado;International;International
581bd55176ad59fd50db159a6d7dfbc9f86b17b98f9140782db4a665498fa1e4;10025242;Seoul;Nao informado;International;International
58e2dab8bb5ff34b55d5765ac588d34f65c610d469f4ee7b7e903ca2d7e077e5;10009885;Winnipeg;MB;International;Canada
9c80708587f1e467cb0e6dee77a982787eb8ab82ff8464b3b42921267fe04e65;10010935;Sioux Center;IA;Domestic;Central
e29381220e1fc0535f514c17b013657626a84f6d90e84b739866ee6331fb3b09;10000481;Chicago;IL;Domestic;Central
10667e1dae091f839556becd0b7b891e6c5483a3709cf1511ece5b6af55f4656;10021485;Hamel;MN;Domestic;Central
bb21b0fa28622ab780ddedaa40fe1121c245f45e40a9e49f9ecb1835d50e3b7e;10020907;Nao informado;Nao informado;International;International
c743253f4866b0660505b79b6b6f7c0938678df92542dfbaa8c88840ba31041e;10013765;St Louis;MO;Domestic;Central
338f6624a70bb9b639d39ecc9d6c93a5ff994c179ba6e7cada83bd88af1da72b;10021203;Costa Mesa;CA;Domestic;Western
44737874a567eee0ba15a4fdac97451b4e4fefb49fb706e41b1e62e7cb84894f;10023703;Istanbul;Nao informado;International;International
77bbb942cc983f20a2c4536d4f9e8e579ce60ef0872a84ca24198d006a8eb1c6;10009653;Mississauga;ON;International;Canada
98b401e61dfbff326100b6f35ec7c706fdd4047b14e2dd1e803bc006a3c8ae60;10012226;Troy;MI;Domestic;Central
edfff991832689082c636e69e17018337612424dda2988e6083640ea8174d25e;10021175;Johnson City;TN;Domestic;Southern
d5926a323b342f5830fdb6959bbc3db6c1765008f0b99b2ebf97ddead8989734;10009642;Joliet;IL;Domestic;Central
f9728fad7eaa6a0921274c6e783bc2f14380c905481e186d4db4b9a6480c06d2;10025300;West Sayville;NY;Domestic;Northeast
d0240c2c4bbdffed8b8b85213cb7339961b759ff9bc978acfef3c29b872c8810;10025251;Wooster;OH;Domestic;Central
f2e8ae7d2a720d068b85c01b22e2155fbcee40b3db73da9f42199fb481497ff0;10019420;Ruwi;Nao informado;International;International
2d76120ef74606199292440cd3eb8a228e7df5281883eb500b2615753ff6d0b1;10006805;Miami;FL;Domestic;Southern
ba572b8e97f743d9d82175481b6108327dc4679103a5d4d82ed9925f1e5e52de;10020449;Santiago;Nao informado;International;International
0e83586a6479b5763d41eb911a6b068e36e053ea36f1bee4d8b3e488a0f7154e;10009660;Augusta;GA;Domestic;Southern
9834a028676795b5ea86c2775b5b2ca25f0c7ba983f74f43418c18bd61d43652;10000475;Charlotte;NC;Domestic;Southern
ada50e26a1ae9cd10f8a60e7e673e64fabbb9c6954a12f63731a31cad1ed4a0f;10025250;Ooltewah;TN;Domestic;Southern
d90f6e2991dd7ef4975c741711720a26ff2c9b430bc95a1f54497af865542754;10021936;Louisville;KY;Domestic;Southern
8dd4dd2ac9621ba5752894e2fdda44846d0a5dab11940d1628fd6e1491a360f2;10002501;Nao informado;Nao informado;International;International
94cb702609acaea6fb2cb31b2ad3aacebae3278cde4699722025bee7c1b4aaa6;10024260;Spokane;WA;Domestic;Western
defc0a0e149d31e16df6cd16201367849a7d20b1dc42c12bfbab2bca7b23e3a8;10020448;Regina;SK;International;Canada
334361e980fb82552994b5f17c164900ef0a359066e0fef056edfa5ffec9003a;10011724;Ingersoll;ON;International;Canada
0a3ebfe2e4814cd1eddfb1ada855bf9c3f974c19851487e944d586f8c7c72c95;10010717;Waterville;KS;Domestic;Central
5b2ffce2ea1aa8ca10d21a7f418b5e7d8790978df2c551f85292e5f608f2c951;10024003;Benicia;CA;Domestic;Western
5e3d2c98376d1c9ef1c4a8a81d8e3f7be88780eb82fb2cff5d92f438422a30fa;10024499;Houston;TX;Domestic;Southern
e6c8a41c28a8ab3a84ee6e5e13d324d5dbb88b5742490a90210b441eaa23d21d;10021470;Wrightsville;PA;Domestic;Northeast
16314d991d9a03d62ac3f363f4c1356a37ba8d18083e77f66c1ec32a5c00dbf9;10025237;Oakville;ON;International;Canada
a3555530ccf0a64804be7affd1e2c35b1d73b52ce795c49eb5c079096b7298d3;10020962;Mercer;PA;Domestic;Northeast
10cda71c61a5f73cd1dd013045ca134e9eb112c9d9a55904146325103c175e8d;10023212;Medford;OR;Domestic;Western
46b391e5393823d7bbd85631a9ac3cb163c97b2860d44fef56b9570af8b6a1e9;10025248;Kent;WA;Domestic;Western
4f9ae76d6deda922ae32beba4742612f03cc3eccc0b9880b9944627ac2a6870d;10025269;Overland Park;KS;Domestic;Central
c9790d2a780f89d694c1f136305098d03d9ad0c14333294b10630a03efbfc224;10016047;Nashville;TN;Domestic;Southern
f30e470166c75400ef84114d2ef32d158204f764e91e5b0d3ab3261637eb844f;10000453;Nao informado;Nao informado;International;International
f00654ddda83b2d7b2f0ee480264bbf8418629b5f0c3b08770d7cf3896b2fa93;10023783;Pine Bluff;AR;Domestic;Southern
61927dba7b3d6cd62c91c0ac87b663036af92771dc264ed7ff63ff9a80956d63;10027381;Tumwater;WA;Domestic;Western
bb95b1951d806eccd298eacb8fd5d3eaa729ee903334eda96d6b031b4d52a28e;10024255;Pontiac;MI;Domestic;Central
d8e4cd763a2f6a90f2612d05d90147f06aa2bcc9934447de801bbfc9a23c5ab2;10014803;Grand Rapids;MI;Domestic;Central
04088a4c83f29d73239b6233b0e96876ac420d3d0d3be7729f3cd2cc700b25cc;10025049;Milwaukie;OR;Domestic;Western
0cb6290c30774323affbef47617e732255f934a9fd701c315b6107e8121a4254;10025814;Houston;TX;Domestic;Southern
8f6a4eb3eeff14e243013af66392618e34818acb225dc1dc6174d3a34df6c861;10006037;Miami;FL;Domestic;Southern
1b19a6ac711656b5961a8f5044b30200df48ba88317033e6a2ac2cab32419aab;10023244;Cleveland;MS;Domestic;Southern
8d37cd3b06b1b7e97a851002576e25dbb08177ebcc5c07e2079ec10811f42e4d;10016045;Monroe;WI;Domestic;Central
10fe319d685a9759aefb038ff23acd078bef5730eb74ba9e32eac48a67a00d99;10019410;Edmonton;AB;International;Canada
c943cf9bcbb4054e01f93c3969a6becbb2b299cdecaa973277321660fe6f2dfc;10009697;Orlando;FL;Domestic;Southern
900c77c03a118713aac4f9a6fa2d5eb3c041f60f7eca320c8b087ccf0680eed3;10006846;Modesto;CA;Domestic;Western
21fdd75bbaeb409518be4fa0d1df7bcf72e537a8779d7adb6e524b563d842e3e;10012715;Exeter;PA;Domestic;Northeast
95e2e66f61dd7aee98bda00f3c899c4f255006b2dd8f48adf1752b254637103d;10020393;Fort Collins;CO;Domestic;Western
d710a232a4185e0d1dd2ec8ae7378b3daba4fc59ca9ea80dac7aa6f4664208b8;10002709;Albany;OR;Domestic;Western
388508168cbd39a3f7fd611b19386491a513a4a1f81efb452640719707e31e5c;10025037;San Marcos;CA;Domestic;Western
f9859b27814ca12c6a25b0ea04f02027739e816639dd035c53237f14d733d713;10009606;Kilsyth;Nao informado;International;International
fee06016a3d291f4f7df430ca9e641104703bb130636b4807d8d5482a174ba92;10007591;FIN 00710;Nao informado;International;International
ae618b2fd8087917925139b08fcc5b357ce34120725dddff6be9a4d1ad90c173;10010884;Boucherville;QU;International;Canada
1376619af2da076f00127b079d9c6b297a2d1377c17d61ee698155ea95eda4ab;10007309;Nao informado;Nao informado;International;International
acf90379a00d0cb9afc2458079f2507d0c2a8f6615e555eaecabfd7d8e036acc;10027340;Salem;MA;Domestic;Northeast
a67335e84a4b8d1e2cdfcd9b945bb76401f3b2dff0df0412b8e00b9dd78fddd4;10025052;Songtan SI;Nao informado;International;International
80ee1e0900fd0529fc52b5f4f30830e0ea16d0b9ccb7757752c76309a6ccfa7c;10025040;San Antonio;TX;Domestic;Southern
5971c200195eb86adaabdbdb909f6862805c60de3296fc5f252e9fbd31d23dbc;10024550;Appleton;WI;Domestic;Central
681bfe38ce64aec8c504588be24ca4984caaee461d914684acfa60e1d9db3ff2;10025560;Cramerton;NC;Domestic;Southern
70cd41b627b65f4f81bde90e861547f86ae3f5c90438be82ffcb5f6ce6e11d94;10015275;Marshfield;WI;Domestic;Central
30d30664cf29a5eb35b30978a78b8ed393fecba00335bb24fb065e141f50d332;10016588;Schertz;TX;Domestic;Southern
e4d7960632c42c76b442abb1fd90d65b1bd3157c5383f905df9ce9462785f218;10008893;Yakama;WA;Domestic;Western
433f4f2e706ffd7959fc4b6a4b5fb573849ad5b49ed6f7b0cb15608c80d9a4fa;10018129;ZI 1 Ducos;Nao informado;International;International
71a82c673978b1a1b782c9948684ccd7b707befc73651126f1c912eb129510b5;10019109;Sacramento;CA;Domestic;Western
8580d850939d9a17c165e1111f02aaccfdfee362c0d67398df8dcc8c8d64975e;10013509;Joliet;IL;Domestic;Central
5dd595efef3ef5b8a0f785b5595132b0e9edfbd0ed715a4a27b8895418ee111a;10022183;Breckenridge;CO;Domestic;Western
e99b50a9ee5daf054fa02adb1c995b94aedcc25b2c1d4dba66293721919aba01;10020181;D 95326 Kulmbach;Nao informado;International;International
375afa0987df03aa9356b0d40f39d151e898e29b4158672574542d4e1795a044;10025036;Kansas City;MO;Domestic;Central
f8583046637e82d1a4ad619d9a9d49ec3925fb1184dba08bfea897c86d179ec4;10023760;North Hampton;NH;Domestic;Northeast
a431b7661c94ab374e6cc10d96ec426ef476bcb19a5e795e0c28919ceadb4476;10010906;Frederick;MD;Domestic;Northeast
c929aa2ba34553be5ee466ff04b8c8d9b21d00f7146299eabe40beb90f006e96;10009679;Meridian;MS;Domestic;Southern
4e94cc1d239392fd84867d61cf7241334fbc42893545e73c2e12b817fcc16155;10025025;Auburn;WA;Domestic;Western
7625e6e9d4d16bef5ed36c487cfa6b9239133a73f54f7ef9aa70b15b4681da6c;10027050;Milwaukie;WI;Domestic;Central
ae958969d8536910fde519320e75e1bb5b889e4190db93b7a2ea827b885265e1;10010923;Seocho-GU;Nao informado;International;International
f02ab2eebcc6eaf5653a810c8fa90464416a9c7a0ca91c6b031de344281ad60a;10002526;EE 0026 Tallinn;Nao informado;International;International
f714c39115634b6dafbcc824a5cb85f4bdcd8a093361b278b823ba2024ab33e4;10025769;Redding;CA;Domestic;Western
1afb7506a8f55f23c417a8c065fb113b9d9c00e02efbaae03fc4ece1a4c5adcf;10010897;Whitehouse;TN;Domestic;Southern
a3104036c6c258207d587af6d34db62135c47dceac3bbb2cd8c5c61f0edf0e48;10025252;Elkhart;IN;Domestic;Central
83a2695cb405e6ba833414d721d863f57082304a9b661d74605371fc640e3ddb;10025302;Tulsa;OK;Domestic;Southern
94dfc7e045a38a3980e7116228bf26cb3d33433dbe8c2b32c6958562549738bb;10011732;Nao informado;Nao informado;International;International
1e1e7d8fd14ba5467105c2a1b2f85983ea5baeb7523615e0cd581b7414b06f57;10014533;Aurora;IL;Domestic;Central
479927593a4446e275e7acd100ace68f2983f706e64e57b937408f3cde80faef;10022434;Placentia;CA;Domestic;Western
5ff75f7a5fcd787d4eb275351fa845f4b12ffca62f9cf0d2997433b57544f376;10025022;West Midlands;Nao informado;International;International
ea2383d45d60b4308a55634b2fa009686f5cc4efa7e791078460d1a4db174c7d;10021139;Livonia;MI;Domestic;Central
4a9109e0a87114d0a7ffe6173dacbe736cd867f44ada3ad58b5caa25477b51b9;10020684;Montgomery;AL;Domestic;Southern
7fe6ac470ee998bb4487675d038fc833b577bd6f6a7854d886bde07cad2eb459;10021986;Livonia;MI;Domestic;Central
c14de9cde385e3ae2c60ace42cd8d67423c077ff807463428114f62cd4928fb4;10021668;Independence;MO;Domestic;Central
1a78aa7001c78177bb9ec95387d2b71a6f84e4d5776866c2620700c8422ea2df;10017576;New Orleans;LA;Domestic;Southern
d5ae5facc6fcdd29ff174143e5c6ff243f1bda18296608bb644dde515ffc2f73;10025247;Pittsburgh;PA;Domestic;Northeast
c8cf7603de47a033285a8e06b56b61771d0448ce096a5892cc08bb01004660a7;10010914;Overland Park;KS;Domestic;Central
e6eb204f669b9cf4ba4e52f5d168587e58df80b7d46cb94287efa9af56533d15;10009623;Gretna;LA;Domestic;Southern
6178553088c119e16ef75353d75d28dff3b10f830cb24fb56932d4bfe91ca950;10021459;Olive Branch;MS;Domestic;Southern
8f8116357bd37e0bc395aae226a1ca52011803cb0bb7d03e9388794308991c67;10013232;Milwaukie;WI;Domestic;Central
91147d48aa65d470a79456c78c0d110dfa93ea3bd90e34030b827ec58c718002;10015824;South Bend;IN;Domestic;Central
49654c98db838241caab923ae2f4ca300576eba25e2a6766f47d1b1cdd97c96c;10021472;Surrey;BC;International;Canada
716f64788ee19f35b7927ad51ed1c6713e286379592203a98ffa231cb88481c1;10022252;Crestwood;IL;Domestic;Central
5edca8c98df5b9f53f9161e65ce438b498a45706e6462ffa7e576d9d80f07ae6;10025778;Pomona;CA;Domestic;Western
b475f6877b3b6c91d3f63a85e67cc32e1c69e8e5790dd15393e9b5a3c1e0903d;10019150;Jacksonville;FL;Domestic;Southern
6880857fe8beed29786b367e9c6c444a62632b7714de2f69a965a6cd886f9901;10021179;El Cajon;CA;Domestic;Western
6fb19b3c6dd02739d9f0e05a095c3671b53a5501dd8791637587d0f04ca82fb2;10002969;Manassas;VA;Domestic;Northeast
107e4e78aa897715f58dcb1d69881f6eea273a28508df137b1e58e3d8cfbba45;10012235;Winnipeg;MB;International;Canada
87a484597af5d89cd30a918a38198b2f42559a68164ef9b0c68d24bdebb93db1;10002765;Hialeah;FL;Domestic;Southern
beed80fe0f47a848bbdb04319aa758cdf64b373588ae881d4491c7bba10b9112;10016334;Overland Park;KS;Domestic;Central
245a507cccf8d633541fd599319acd42eed904436934ce98d53b9869ab2216c1;10021996;Milton;PA;Domestic;Northeast
6109d1f17413952eee89e95a5371f1c124ac3617a60a768da09ce7965835d8e1;10023241;North Little Rock;AR;Domestic;Southern
63fa6c549c258a5ec28025da3127f2e91b5938963f2a3e9929ccb4310223d671;10014495;Clackamas;OR;Domestic;Western
f24f150712bee035ecad6b1a4a125f4e84a2a1958f407d4f5ba5d94f0139b097;10017290;Bogota;Nao informado;International;International
f2e2a0c0e0a03d464cd1771a92eaeb1395494ed5fd770875188bf27d8d45a1e9;10022249;Shelby;NC;Domestic;Southern
5a9433c4d3a6aaf948d3904880d2db814dc46da3ea3ade87104206f7ea30fedd;10010974;Chippewa Falls;WI;Domestic;Central
c3316d59582ac5925eba7bb02e3fb5b356c2aed732fe4755a35aed72fa3bf01f;10026532;Garner;IA;Domestic;Central
c6839e7e9d0d957ce04ce8dbe381a2cec54144bb78e611581059968373907f5b;10019664;MOLINE;IL;Domestic;Central
fb8749a40a98d80f33024e908b6ec8daae0a57cb8ea2de31d5777821343c413d;10000471;Jeddah;Nao informado;International;International
eb7295e435291b74fd9ba0210e601f554d7dbe59f71104156f53bc47b67fa066;10016548;Mobile;AL;Domestic;Southern
2c1dee3c9fd682bcc2f1befa799f335382a1f378d31f3db032e6229ccac996f5;10026268;Surrey;BC;International;Canada
6f4997c083b92d0a121cfa1bbebb9b9a10f552ffad73aabe5f2b0b81ad8eca46;10022730;Warren;MI;Domestic;Central
721f2f78d0c91f7518b7e54194285f86badf7e4e25eab59f968bfe0dd6c4c30e;10007564;Cleveland;TX;Domestic;Southern
9ff9a8555b1181e72172144de486a1207ac68a01fa7b6b0ac23d5a9908103d15;10024725;Jasper;TX;Domestic;Southern
258dd3deefaadd3caf2c5a76e212ddd3e4a5969d4e83a75b1f521bc96f4d0f29;10009643;Flint;MI;Domestic;Central
5117cbcbfef4260530ea5f71f3f2978ef30902c55aa87735a4ab445dceaffdd9;10022167;Georgetown;Nao informado;International;International
66e659efd875ffb9c0e69fa58809b606b90b05230b622cd49cdc45cb28bf09ca;10023275;Portland;OR;Domestic;Western
ab568ce55440c8039963b1852d2bb37f92b1160b57fb279ba2f56c3eed4f705a;10018665;Wester Chester;PA;Domestic;Northeast
b0819275a8dad91bf038eeb35ea5aaaf3962f24a814868dbbe4b3f734947e733;10014264;Springfield;MO;Domestic;Central
c292916bdacaea8323718ce5c0de67161188c5f4a6bf08031c3cf557eb8ab4e6;10026839;Greenwood;MS;Domestic;Southern
769fe3aa3f7e87730fec816cb02f32f10623a8d9e6214ec393c48283feea9a1a;10020715;Linares (Jaen);Nao informado;International;International
7a41877766a157d86d5cd94dac5c1e316588485c0c4f9313277d2d99501786e7;10000462;Hazelwood;MO;Domestic;Central
d51979e51514a1a493234df46483546ab6e1a8fd558b9428b8b36f55e84f3205;10022168;Cass City;MI;Domestic;Central
6346447ff73f4f45e19b8036113aaaa1e89b86fc16ee812b7132a9bce8ecd847;10020927;Sidney;NE;Domestic;Central
3557056462713884017762d4854d4176ad743c6489208001886c6f1fcc701524;10013238;Janesville;WI;Domestic;Central
5710a756ac12c855fbab7e6a4c7c13ff331e6fb5ceb2701bc6289f1c3e9a2a6a;10018603;Dubai;Nao informado;International;International
39eeb088802d6c8218fbf1fccf875b739a093d5829122df115452f2833a3237a;10019617;Spring;TX;Domestic;Southern
bd1c1c4ae797a50ce7a95a1cda62e5b8cb5cc21dd3002f33a3e44df2a5148f57;10016549;Jacksonville;FL;Domestic;Southern
dac083f911f1e8fb4d75216e123175a85cec87b4fb4079ab0d9796baca1326a8;10027572;Elma;NY;Domestic;Northeast
ce5246a191e512c8de636289e33be70b2a47d457ce31bfd821401074632324a2;10020931;Bozeman;MT;Domestic;Western
d17bc841fa44efe108a390f56f709696989a7077a158a2eaa49947d6cb3b1499;10023447;Tulsa;OK;Domestic;Southern
e2d5267f3fea1273c47c9579806a5752f044b5b4b010ad43d790f6bfac65ffed;10012422;Saginaw;AL;Domestic;Southern
3b667a0334255b9a3d794b0eaba960a81113f60fb702f691bec16fb832fdf6af;10016858;Beaverton;OR;Domestic;Western
3fb08f476a57d8934b33e174e56a5b35e0aa2f12aec95bc089c6e07c7db1a067;10022450;Overland Park;KS;Domestic;Central
69b8f352b55a5bddc727875cd26adc9c2a77aef0b1ca2e33eb5c9d0d44ff2e73;10026581;Savannah;GA;Domestic;Southern
979965fc294a918a88d3e001b1afe024adce9196d683164e855faeee475701a5;10026560;Dearborn;MI;Domestic;Central
bb8a0e89c25001a84e9ef28bf27e49aacb5140b347bac5cb23a04a2290bb5ccc;10016784;Pocahontas;IA;Domestic;Central
f3fcf9b32cb07c879098c9d8a43cf0320369bfcbc42bdf577e9af4f5a124bbf8;10004245;Portland;OR;Domestic;Western
77362798a88c9ba6857861b87359fa8f20a545023b2312cc9c648bed72b6721e;10020446;Pontiac;MI;Domestic;Central
0c9da4cef6a8fcce7303587c1c205a3e4aa99bf2839b5be7d9799160f79c9b7f;10002240;Medford;MA;Domestic;Northeast
5cdf4f3e12e4f3e8cc97371160a7860442178113e907a7ab8da9942c780d5f19;10021422;Brea;CA;Domestic;Western
a9a521ce6de427a16d80998efa5cd301051e9633ee43a558673911b7914c5364;10025032;Montreal;QU;International;Canada
78f81380a9ad877e946ebf5b5bafd9e9afd958ace17ab8cb4e2f13add8273773;10016609;Winnepeg;MB;International;Canada
c07fd9eaf189d8e198a9f40ab827448f581a5197997eff25ba5bfb984da0bc46;10004516;Lighthorne Warwick;Nao informado;International;International
10e140f6379d04a91a793d18279dcec2398c55f428fbaed92649b3a6ba1f895e;10025583;Nesquehoning;PA;Domestic;Northeast
25af1bc1ff9f4784a2e6b221e9c1e0ef12d06a4aaaedf6c1adaa7dbd306032be;10025063;Nao informado;Nao informado;International;International
ce2cc651fe061b8ae60d244c167e9200b5ab534b78df3801e16bc5a8a4ad1ea4;10024999;Andover;SD;Domestic;Central
f01518e1b908490da91d573891e966d0274409bca441888d07576d251372b5e1;10027348;Tampa;FL;Domestic;Southern
0aff5e23373c6d6fd7c25edd0135f5260aff5f95a4d5e9e267524b5f6adaad4a;10023715;Plainfield;IN;Domestic;Central
451da93fd041fe66ea89c8568cd7cf23778dde7cc3831453a51675102bb30b7f;10025033;Billings;MT;Domestic;Western
2336b3b1dd0ffce9eb38b59c8f0933ed3e4079b926eb0c33762ced7ebd9e7d5a;10025246;Winnepeg;MB;International;Canada
d33e2fe8abc30058d2f9c878b3462bb28cb7316f9e9ecd960dcd142fb5655321;10020672;N-0598 Oslo;Nao informado;International;International
f75188ecdae8f338e57a4e1721214793fc7ebfab484f001428cc3ec824985896;10009669;Nao informado;Nao informado;International;International
f843aa55b3c22f9053b47ef6307022e0846787dbfc71076568487df37dabbc56;10008602;Wells;ME;Domestic;Northeast
031c9479d1706015a9e5dfb163103400eb6b4bde9343a32fc1122324f9f134e6;10026078;Bedford;OH;Domestic;Central
214d61b4111ce7f2482d910d433f2ca7f94a54b53a45d601fe7650864d05afea;10025508;Moncton;NB;International;Canada
2587347c6b2aa4ecd445fd293189c58769e1ceb5f217cec6c5175711fec7b425;10018868;Nao informado;Nao informado;International;International
319ce8bde3b9cd1a88a000a53fc0cbc1fc5f8d9845cd6f3ae8be6f861d24263d;10026299;Dallas;TX;Domestic;Southern
05d2a9a81619ddf3d3d67739ba2e4f1387827babda8bad90aa383c45f6faf91a;10023516;Miami;FL;Domestic;Southern
5f6c59abbfe02a4cacd843a59dc753d76ccb643f1f83cc758054586cc94e47dc;10022423;Cincinnati;OH;Domestic;Central
7f429d26a1e4c2458524f738200c29166b6eb3fef64430d35a6b5aae34cf4651;10013252;Irving;TX;Domestic;Southern
185e70f61e276fb2642f7002bab3a3a113347b3a37549102748640d39ee08af3;10027560;Odessa;TX;Domestic;Southern
28eac21d3878057ab32ee66b4b26f87af58e7ee5ee1c28656be38c10072b0f81;10018871;Livonia;MI;Domestic;Central
42bc16f4ba655fb6d1fc686b5556bffb854b6fa3e2def529b38601211b8e7fbd;10025304;Nao informado;Nao informado;International;International
900156b3b0dfff12056d324897dfaa247ec3a976d6c45a99542d28c9c306bb6e;10014238;2215 TC Voorhout;Nao informado;International;International
00d3b1a808b3bca6d485135cf953d362fad3d7454359d2c137959c877b2a228b;10026868;Valencia;Nao informado;International;International
df9c82051aab525d89511dd676bb2017f08edba7a2346c55295fd04146e36d71;10025575;Beamsville;ON;International;Canada
dfe9bce0fd0d565a11757a8fd8dbf5c7d9d9d3598df1f877f9c581bd89992841;10011981;Missoula;MT;Domestic;Western
f099a5bf34371bf56e7cbf3e68f41d6fbb9a7fa2f7c65a823f8619c53437ed49;10020184;Smyrna;TN;Domestic;Southern
d43f77a49a71127dae02d63724ea8c4ec1d0d621dfdb4aa62ad651d4e979798d;10025558;Little Rock;AR;Domestic;Southern
012ae6c22069fb59120876bb61b8ade0b020ebf4655d27069765063c73b3d714;10025296;Sun Prairie;WI;Domestic;Central
f30afdf11fa81117a1d14969826024e92b73baa2268aee5ac690c85849ceed91;10002746;Bensonville;IL;Domestic;Central
718bc14c8070bd9a5e0dd40ff2b8a57f19e2c94fb428e35ab92e2d87eb50e90a;10000456;Edmonton;AB;International;Canada
96ea95de5223a332b48fdd08935ca7edabf8e9644df86508724e205346daebc3;10010886;Libby;MT;Domestic;Western
5ccc4b115f9291d347c2631691c3b7bcbfb075418e240370b03f329a75ace550;10014043;Guadalajara Jal Mexico;Nao informado;International;International
c9f9a6ffb493fba8bb3aa7978aab867d4bf0c263391e7c50b569fa9a6c2bdc01;10027370;Madrid;Nao informado;International;International
f8e83e7f066da0b8435f77da61ba3a320e9458fbb6ac93c80b3b56d242dd67e6;10020388;Glen Burnie;MD;Domestic;Northeast
29bf59043953236e7baeb4d400bc162e753f2e7ea4433be60c81006e2f79f1bc;10026843;Tulare;CA;Domestic;Western
5bcfe4d5f9dab9b02953717aade953440a7152891d600770aaf9509673df0002;10003795;Baton Rouge;LA;Domestic;Southern
7e84478d02c52e235e2e15f2fcb53403905a4929abb692513310dbf346798359;10025062;Bedford Hills;NY;Domestic;Northeast
9eaf770ab40b70c24bbb74e256827cbffc35a8e1238c8eff70e451c4efeab4ac;10021145;Brookhaven;MS;Domestic;Southern
b2cc1ca8a59e9adbf3614587a6736fb66938dfa3f0a4cf1a44e17f07ab556f22;10022764;Ocala;FL;Domestic;Southern
55d008078174ed56d805fbc6bd851e6e038da05b3f06dd4f05b3669eea22918e;10022490;Overland Park;KS;Domestic;Central
7680a588d738cfbded63fb805810da2b98d1d7ec110e28868dbe09b28171f5bb;10011521;Okolona;MS;Domestic;Southern
85d40094ed14ad65f33114bc20ef3cecba206a7405119e2ccd0d098f261b77ca;10008593;Highland;IL;Domestic;Central
a5f48ef89d4ce6c55b453d1ad8a0dfae0299e57bc65075532f9d36f24e0390cd;10023759;Birmingham;AL;Domestic;Southern
7a4b664a6467e1d4b2a1cd7ee940d4a3e9e390a4f38f8195963c0bf12f55827d;10020663;Sparks;NV;Domestic;Western
24430b59f981c70a5f6785dfb5558a081d80dadf28734ad72e3084eddd3b4d60;10026336;Columbia;SC;Domestic;Southern
1614a09cf32e169413787960a02ff0ef82bb6f4274e601cb4d30a717b57bc0db;10024246;East Providence;RI;Domestic;Northeast
fd6e7a46cf95a2a6ffd686f1d848527e5718c6fae9ed8149eb457a4434c38170;10018628;Tigard;OR;Domestic;Western
fe0b2ec1b53f24395c7f15599173b42d5bf68adf44196ee518a0f21b11053a9f;10025552;Southfield;MI;Domestic;Central
04ea933589b002010f1fbb3839188f91a27a11b987907fae040deb9b79f2758c;10012234;Hayward;CA;Domestic;Western
41b5502dbfe4c3a1457a2d0bbaad1b6cac4f8ee4ca9cefa17bdc0ebb4542b097;10004256;Portland;OR;Domestic;Western
894e6a8691b10434f08d39729f5b0f5f6c93396ac6c9f121233a727352900cac;10023471;Odessa;TX;Domestic;Southern
eda1648662c3f22427887f6a21444425a4af1f8a51beb3a001147e0a42c006ee;10000474;Des Moines;IA;Domestic;Central
11d67ba34475a0727c5266ecebedd917d33c9beec48313e177e4b39a3bb425c7;10024270;Maxwell;CA;Domestic;Western
8504f4c8a7105f9f531385639aace174fe1c6b7c4477d68b65e512d4ee4014de;10000469;Montreal;QU;International;Canada
94a4c0a1a2dfccf5a388028918bd77a658780b2659ba526998ea6988af8018ff;10027356;Grand Rapids;MN;Domestic;Central
b9be3ac8e86a87648cf0c408566770853626532af8c9b5c2b6dbc54e5a643fe5;10022732;Lake Hamilton;FL;Domestic;Southern
73aa8be1cd04e36f217a7b0b3e6bc9102764b041754a65b8e349f09b09c65b56;10011997;Roanoke;VA;Domestic;Northeast
f8df59e83736e63d2d9c7675310667177fb3c9ab5b1e13648478f97e184ecc15;10014469;Livonia;MI;Domestic;Central
04a9326f6229c07bed1965d9da98aa30243bb55c3def3c13803c8a5b956dacbd;10022444;Livonia;MI;Domestic;Central
83d6838ee17b0a2c2a251fa9b86329c78d9977f065b8f2d8598d66a71c54ba4f;10009907;Elizabethtown;KY;Domestic;Southern
eb53bb52fe603a10eaad52b32f6ad0eea0ac4ae28d1b307e054814962d2254e1;10022201;Carcas;Nao informado;International;International
19e0d47291e66b375b758678babf607be5d02294076d72c46eb22e3d94c74b2d;10009676;Kalamazoo;MI;Domestic;Central
102dffa1bcdce89b88311120cad1c39e55d4e99c1469ce2f2e697a724fbdd039;10009652;Valcourt;QU;International;Canada
f47c13e10d1ecc2238b2ff4abe34cdc4502fae351e8c061fb518010fc34c45cf;10017638;Roanoke;VA;Domestic;Northeast
0ee406749443eabdd61a12ee8dd9d380541f0149f6bad930597bf040f9320de4;10002506;Salt Lake City;UT;Domestic;Western
71011bceda2ccab4e1602bd160dd6f3f73d2ae5687009e31a77a4f6e52959159;10022431;Vinton;VA;Domestic;Northeast
7408d0cc588ef9160fc46edd91259a13bc7a9ba3a97d184789af71c2e1e80ef8;10020915;McHenry;IL;Domestic;Central
96a87c1e36823be0cfa8c8df3699e1cbaca8acdf1ea5d99cef923a115d508bdf;10022470;Ormond Beach;FL;Domestic;Southern
7b27ebcf84e4f51a932ed7afefe895b5c3a14fa97f88ad25444e8aac65d89c24;10025034;Corona;CA;Domestic;Western
a07f91fcb271e9f857be2332690c4b1f612709fd46f2353631a36b1ba72cb0e6;10021412;Clackamas;OR;Domestic;Western
810237d29d24bd8c5864b85b2a8ef5b642b25df5cffdd479da8fb25edceec5da;10014804;Shreveport;LA;Domestic;Southern
8e6a2bb66f1c6c46a6d7a126a189ecca202745d0c1bbc227b73586838c346a33;10020192;Sacramento;CA;Domestic;Western
8ea6f82d69489548e1237b00ebafb73fa81447a131d8e7461eb7aa54728add1b;10023785;Columbus;OH;Domestic;Central
ae289b1e115864c96c6dbf19b0daf4bec72971352c3fa82084a9906078ac877f;10007866;Sao Paulo;Nao informado;International;International
c77a8a9f59ab157d0f3974ce41af98d12875fe2f19e3d4a8623d0edb36f46888;10025039;Mentor;OH;Domestic;Central
da808fde19207078c7301a1ff33e921ff089dea76846a11b522af96c6de54ee2;10025238;San Diego;CA;Domestic;Western
770d6143d9350b532d1d70637aced5d824c8770ee7ef2878273306788d64be24;10000480;Phoenix;AZ;Domestic;Western
98c290e1b0434c2d9f11175376e7c3f9f9599f5c9854fa53d52dbb95dab0d0d3;10017553;Ottawa;KS;Domestic;Central
d5ad2419908217ea23ce625e463cbbe244b4627bd4ffe9b90babe132e78951c3;10020909;Canton;OH;Domestic;Central
fc90fd72d0d243ca52d4d635d29a26b0d188198b719a11aadb241d82f0f33603;10022978;Nao informado;Nao informado;International;International
175e4aa094a693eb3fe61d0cf27dd45afd1554630b951496628840818a09521e;10023489;Sacramento;CA;Domestic;Western
1beef826cb63bc8bbb0ab9a11413cf9dbec329361c3de8801bfb644d2c012d18;10007355;Amarillo;TX;Domestic;Southern
66c6caaa371547620ae22aa7e467d80992eed80220a23756a2f2bd1d4f43bdf6;10013011;112 Reyjavik;Nao informado;International;International
1ab2fc84fc4d4757672c1f2746cb6650deef69bf744f52e9b9922b1348539052;10019400;Valparaiso;IN;Domestic;Central
831206a17f450845ec0b0e328233bc2b92f796f5e09f950a9059f50e06904fe8;10018371;00-394 Warsaw;Nao informado;International;International
985366155e66b73a66ec61db7088337c2a4c92e099424662084c9cf9f676278a;10023022;Surrey;BC;International;Canada
c01af7e90400b72905cfb66e6a6acc21efc784ddbb2c87fd8503ebbc4f47e63f;10008134;Petersburg;VA;Domestic;Northeast
e6369eb854c383409003854a331c8106316169fabd7ced173cdd09e2e91e239c;10025305;Colorado Springs;CO;Domestic;Western
f41cf59dbb57600bc49987e020dc63c9fc0d128bcf0cd4c882f645558191157f;10010970;Irving;TX;Domestic;Southern
0506b624cbe7f8b2bdcc3a4481386f2e0cfdb416ebe4032e0eed85883dc3b68a;10027583;Morton;IL;Domestic;Central
1195f4b417fff83298d067c7d04b11beff9753796b9104f27cf564dd77fda137;10008596;Springhill;LA;Domestic;Southern
5561dbab25068e6b411e5aab50db8f3725f5e38a8424592de0ea56d6491f82fb;10026522;Fairmount;IN;Domestic;Central
b561d343faacff79fd016e9df3cc63698dcf3783d59dd16f774d5f4476ea71a7;10021911;Te Rapa Hamilton;MS;Domestic;Southern
e2273ddaf97b5002b2668ae1f345778fa0d30cab2ad7d1399c8ffe42991c7f95;10024541;Bedford;OH;Domestic;Central
f013a0eb6ebcf23ae004e6e33ffe3358ea0fed580ebb46057966958d6b466406;10025298;Toronto;ON;International;Canada
514f9cc2150b896815f207292b9aaae5c5f97a5faa2b877b0553b5be60546f2f;10015030;Anchorage;AK;Domestic;Western
6f8a4c6f7c42056116254676fd0f95351518a4293946dad656e8c8534d05d761;10026009;Nao informado;Nao informado;International;International
7ed8016ec91a45d69dd09c9286127e9e7ed1d1047dabc4c26596ff086e034ffb;10009156;Attica;IN;Domestic;Central
86740b1502aa66f5ebddc2b372aada42d4faa1b07222aae7c0b0e778d976362d;10011198;Framingham;MA;Domestic;Northeast
5f5457b4554dd640d1852c7837e15e5068fc5cb7151eaf6ac046fcae2eb0fff6;10010698;Gardena;CA;Domestic;Western
657a79ef5f79eb950f3d7cdc687dba161819164a7c0ff919f44bd99174f33e3e;10025285;Chattanooga;TN;Domestic;Southern
6673a2ac509cad93225177867f3459623b2f2b8cbcee4d834d36e30232fc4ab0;10015495;Kansas City;KS;Domestic;Central
f85677febe8ecc76d2c404128c9a3609b52123b98a75ca001796e0e2cace4709;10011398;Eugene;OR;Domestic;Western
0510ee4c64065deea7d67d39348b5f945cce1b61e6ddfbffb51519e5f1cddc07;10015267;Sollinge Molle;Nao informado;International;International
8ac80769e41f3b869c161a93a3ea97df53887870872efa77ae8a0d927aac5391;10009662;West Point;PA;Domestic;Northeast
e82e9d15090759866bef2288c07698fead425959af20e5c1768e1eeb956af570;10021977;Overland Park;KS;Domestic;Central
254a97ec6d1019a7c5973d0412f69efadf19da5dc1c987ffe0413079ef8abbad;10007123;Little Rock;AR;Domestic;Southern
77ebe3a2167d26fdcd067c5d1d7d2d683167a8ebac40ed212e7afd5508dbdaab;10024743;Enumclaw;WA;Domestic;Western
a3bc3fa5d51b68fefb89aa998b2e1a0cd60998a01cbf966ce8c67f52d959ea76;10027053;Raleigh;IL;Domestic;Central
106dbb5bb2df4cdeffe8e1b23aaccc1de20c0abf98d6fc1357ff53deee3178be;10000466;North Highlands;CA;Domestic;Western
adb8399ae3b7ba61fa530be834cb3e5106d6ff961de2fe2718389db1c063794a;10023511;Schiphol-Rijk;Nao informado;International;International
ddb24775d89f164f3ae9d9d2df1a109c25775f159c1c15c0897dc32892d274aa;10020662;Jakarta Utara;Nao informado;International;International
f08a859179baa02668a02d761e11238e1b1287794e9c6babdd5eb009bd24b2ca;10005043;San Jose;Nao informado;International;International
699e9a641e38451e11c1722f0d14619b12ae040b056565fc364ef799af1fc574;10025289;Fresno;CA;Domestic;Western
6b5cd5a0ddc2053af49cf9924992ebd71190e44c0c28ae7e2e5085b57276f0f6;10009985;West Jordan;UT;Domestic;Western
c6ff8674dfe1319b6151b39d3dff4e3acce6105b58dfb5a5a0f9a9f5d149296d;10018580;Beaumont;TX;Domestic;Southern
